{"means": {"B1": 1471.0815445752864, "B2": 1234.8529302544284, "B3": 1143.714614426598, "B4": 1140.7208632150703, "B5": 1353.0763550232832, "B6": 1943.7165869051744, "B7": 2225.254021845681, "B8": 2167.4283049970595, "B8a": 2423.4968464184126, "B9": 790.8811904774719, "B10": 23.309058943676824, "B11": 1994.8738903505348, "B12": 1343.7897885015873}, "stds": {"B1": 781.1341982608508, "B2": 778.3423617795321, "B3": 774.4334135583639, "B4": 984.7470346450236, "B5": 970.4774705542499, "B6": 1003.2996883694119, "B7": 1096.3514643827016, "B8": 1070.815995863269, "B8a": 1146.105891851719, "B9": 611.7580141543921, "B10": 31.733870727450242, "B11": 1116.9330847528204, "B12": 974.810329481959}}