{"means": {"B1": 1407.3684370899011, "B2": 1170.7579939599748, "B3": 1085.4691299265037, "B4": 1077.9043807750618, "B5": 1290.3916780105196, "B6": 1886.3890985045105, "B7": 2172.32510140553, "B8": 2117.0590936329936, "B8a": 2375.042394290488, "B9": 755.153091871803, "B10": 22.33691476540337, "B11": 2008.1052222368612, "B12": 1350.3809599666592}, "stds": {"B1": 402.3352753262101, "B2": 389.2412648148282, "B3": 475.3182472308777, "B4": 731.7430778782884, "B5": 713.5529214461986, "B6": 803.3259156689572, "B7": 945.4876298081388, "B8": 930.9445889937798, "B8a": 1027.075833875448, "B9": 483.24191077298485, "B10": 29.56433760465637, "B11": 1113.6182759336764, "B12": 976.7054606262864}}