{"means": {"B1": 1465.7796630859375, "B2": 1229.3665771484375, "B3": 1138.5279541015625, "B4": 1135.537353515625, "B5": 1347.8526611328125, "B6": 1939.2718505859375, "B7": 2221.37255859375, "B8": 2163.6171875, "B8a": 2420.10986328125, "B9": 786.05615234375, "B10": 23.309160232543945, "B11": 1994.876220703125, "B12": 1343.784912109375}, "stds": {"B1": 756.1244670490572, "B2": 750.332666316304, "B3": 748.0020722062175, "B4": 963.1195533211783, "B5": 947.8419869546132, "B6": 986.349333394727, "B7": 1083.805370731563, "B8": 1057.8116326811482, "B8a": 1136.0447622169102, "B9": 579.574680618541, "B10": 31.745665139433658, "B11": 1117.3512428732556, "B12": 975.1746865197342}}