{"means": {"B1": 1403.9877731960696, "B2": 1167.222074864753, "B3": 1081.930870852014, "B4": 1074.523295284746, "B5": 1286.9104763392197, "B6": 1883.3488519931243, "B7": 2169.6320635450984, "B8": 2114.309979493008, "B8a": 2372.6436475595137, "B9": 751.0514094561588, "B10": 22.415402037219156, "B11": 2007.3334859504246, "B12": 1349.940967358177}, "stds": {"B1": 366.09429219851484, "B2": 347.66050780990406, "B3": 442.07821880957374, "B4": 711.9956972394427, "B5": 692.6330264387215, "B6": 789.9264836097112, "B7": 936.8343807106133, "B8": 921.5958757257864, "B8a": 1020.8715461523001, "B9": 445.3599813951396, "B10": 30.18399685403601, "B11": 1114.3537778345265, "B12": 977.11029855544}}