{"means": {"B1": 1461.46875, "B2": 1224.3470458984375, "B3": 1134.4676513671875, "B4": 1136.0728759765625, "B5": 1349.4296875, "B6": 1936.150634765625, "B7": 2216.104736328125, "B8": 2157.56298828125, "B8a": 2416.382080078125, "B9": 784.0653686523438, "B10": 23.692554473876953, "B11": 2005.81005859375, "B12": 1352.3270263671875}, "stds": {"B1": 753.8881953671814, "B2": 748.6116519909577, "B3": 747.420492732259, "B4": 966.937222216112, "B5": 953.8118982887667, "B6": 993.7807403286869, "B7": 1089.9674372781594, "B8": 1062.6916653567532, "B8a": 1144.0609998406635, "B9": 584.038462290408, "B10": 32.966986941044176, "B11": 1146.9150689328453, "B12": 999.4697131742571}}