{"means": {"B1": 262852317.25216675, "B2": 220090505.303833, "B3": 203715686.65859985, "B4": 203438845.26420593, "B5": 241948870.013031, "B6": 348192675.5385895, "B7": 398940560.86997986, "B8": 388662735.6325989, "B8a": 435264483.80426025, "B9": 141053202.4719696, "B10": 4279800.205947876, "B11": 361867868.03482056, "B12": 243496073.27792358}, "stds": {"B1": 15537987.371513844, "B2": 24759973.32384497, "B3": 31380989.43356049, "B4": 47737890.995096564, "B5": 47065923.24787861, "B6": 65815688.83587223, "B7": 79831614.28645664, "B8": 83693353.76449394, "B8a": 88928408.29469168, "B9": 24987846.515443563, "B10": 606734.2925766818, "B11": 81296939.19045967, "B12": 66840006.73411831}}